epoch,train_loss,val_loss,gradient_norm,val_pr_auc,val_roc_auc
1,0.6633463899294535,0.639988899230957,0.21279446767022892,0.5889662358129306,0.6950782674173985
2,0.624293200897448,0.6010984778404236,0.2146443510119881,0.6415013948212216,0.7388661168767907
3,0.5991094004024159,0.5760090947151184,0.25580852389506586,0.6635890971425382,0.7562808565490864
4,0.5818942478208831,0.5657881498336792,0.27471995319126213,0.6771987403562495,0.7670143091430042
5,0.5721685127778486,0.5563598275184631,0.2798175399522715,0.6870230141449725,0.7764268195924862
6,0.564385658863819,0.5504555106163025,0.2930444409377509,0.7027050167740319,0.7863349492362572
7,0.5545882420106367,0.5393842458724976,0.3084927350019801,0.714888856479378,0.7957474596857392
8,0.5432863127101552,0.5337334871292114,0.32736262105683706,0.7243725077787403,0.8034114766686733
9,0.5415171917640802,0.5230405926704407,0.3270045342872949,0.7299294560159597,0.8112477904530555
10,0.5274994779716838,0.5159060955047607,0.3411578378557771,0.7391059203319617,0.8162911943571733
11,0.5231511665113044,0.5100259780883789,0.34731388220701226,0.7450639869859419,0.8201349020141708
12,0.5166671086441387,0.5071078538894653,0.36155808723193367,0.7465866917302575,0.8225321673874062
13,0.5125128292676174,0.5047543048858643,0.36531543844459563,0.7488769914736386,0.8237020839404492
14,0.5116951944250049,0.5026734471321106,0.3609223955241876,0.7490625325052038,0.8253038060576152
15,0.5032213953408328,0.5045444369316101,0.37047606619536727,0.7499318496581213,0.8252995518156041
16,0.5125564833482107,0.5016528367996216,0.373661536552452,0.750409170810134,0.8259227982702252
17,0.5035205266692422,0.5008550882339478,0.35931461396546643,0.7529466790377366,0.8267268500103164
18,0.5043695379387249,0.5001695156097412,0.3705484551945171,0.7529149592293463,0.8263546038343482
19,0.5023600242354653,0.4997047185897827,0.37810591904665447,0.7515403118470101,0.827311808286838
20,0.504597572666226,0.500261127948761,0.3784568994062965,0.7524691361486799,0.826924672263831
21,0.49159396597833344,0.5005013942718506,0.3619479730029118,0.750230669254027,0.8261737985488781
22,0.4997696135983323,0.5022009015083313,0.3996150083053375,0.7502551499663217,0.8252399924274492
23,0.4993823134537899,0.5031346082687378,0.36777962183351665,0.7519080462478713,0.8259227982702251
24,0.49436764825474133,0.5028234124183655,0.37850105903749026,0.7495856883803673,0.8251442719822002
25,0.4906074892390858,0.501427173614502,0.36794146845751946,0.7500487484989753,0.8251506533452169
26,0.49577112811984436,0.5036273002624512,0.3889544871544636,0.7489057758402189,0.8233702530635859
27,0.48655053973197937,0.5013338923454285,0.3655115833209179,0.7493011392783303,0.8251166194091284
28,0.49094777938091394,0.5014917254447937,0.38148846410423787,0.7479006902575673,0.8247954241372929
29,0.48814573884010315,0.5043814182281494,0.3932172223812435,0.7487679992370719,0.8232234817142042
30,0.48781268434091046,0.5037314891815186,0.3896044844359097,0.748139377742741,0.8234276853307354
