epoch,train_loss,val_loss,gradient_norm,val_roc_auc,val_pr_auc,val_brier,learning_rate,nonfinite_gradients,nonfinite_parameters
1,0.6850864171981812,0.6597822904586792,0.17394187767125346,0.6673671985178221,0.5846692627082113,0.233592227101326,0.001,False,False
2,0.6481661796569824,0.6407276391983032,0.2882162104935692,0.7006353710443527,0.6133122027389362,0.22471840679645538,0.001,False,False
3,0.6291374146938324,0.6208086013793945,0.3452727217738063,0.7069699373988287,0.606855689353581,0.21546252071857452,0.001,False,False
4,0.5963953137397766,0.6112734079360962,0.35036064188648375,0.7085865493630336,0.6074559970882341,0.2108510434627533,0.001,False,False
5,0.5591142445802688,0.6072139143943787,0.45873890446472954,0.7131492239199011,0.6015724160764983,0.20872515439987183,0.001,False,False
6,0.5215657144784928,0.6055810451507568,0.46593778652810086,0.7205750033502155,0.6103590308981944,0.20679430663585663,0.001,False,False
7,0.48184883296489717,0.6134839653968811,0.5237846799592033,0.7213131143391354,0.6087131182586948,0.20990897715091705,0.001,False,False
8,0.42522986233234406,0.6335422396659851,0.5634597998530037,0.725192983053227,0.6200610868515721,0.21254350244998932,0.001,False,False
9,0.40019577741622925,0.6473297476768494,0.6932224731504594,0.7265607218597845,0.612321427784126,0.22078752517700195,0.001,False,False
10,0.3351976677775383,0.6563283205032349,0.8171795268920279,0.7173247624537616,0.6139227939576088,0.2206345498561859,0.001,False,False
11,0.287781810760498,0.7058494091033936,0.9384879109002828,0.7201070367289983,0.6229124634308045,0.22586357593536377,0.001,False,False
12,0.22497711181640626,0.7421667575836182,0.8711632138039243,0.7155890317132471,0.616166682437401,0.23399683833122253,0.001,False,False
13,0.17406271100044252,0.8186633586883545,0.774086283595789,0.7097245591009935,0.6023587506316812,0.25640395283699036,0.001,False,False
14,0.1391087494790554,0.858940601348877,0.7534788518704236,0.7049980962267001,0.6084150375370948,0.2522926926612854,0.001,False,False
15,0.08991517089307308,0.9297639727592468,0.6222595775610045,0.6993378272309776,0.6045242154472455,0.26167330145835876,0.001,False,False
16,0.06736442632973194,1.019408106803894,0.5802946890265912,0.6948730002403647,0.5987882637205125,0.2819506525993347,0.001,False,False
17,0.04659654218703509,1.0765295028686523,0.5034780516638212,0.6958748742339705,0.6005200365221343,0.2752613127231598,0.001,False,False
18,0.029488563444465397,1.1475484371185303,0.2877830556696627,0.6931032355637615,0.5997031031447679,0.28453126549720764,0.001,False,False
19,0.02086056349799037,1.2144174575805664,0.20981319688029285,0.6916195686624025,0.5991475025694919,0.28729042410850525,0.001,False,False
20,0.015026022819802165,1.2695722579956055,0.16528168626918568,0.6939285585139082,0.6018208919518756,0.2942306399345398,0.001,False,False
21,0.011646017245948315,1.3152481317520142,0.14648159473162528,0.6954111618547645,0.6034558194660734,0.290589839220047,0.001,False,False
22,0.009846145799383522,1.3489711284637451,0.13165858414958329,0.695253754900355,0.6030483937087598,0.2964855432510376,0.001,False,False
23,0.007659640489146113,1.3857334852218628,0.09473818430945377,0.6963077433585965,0.604710189727661,0.2954195439815521,0.001,False,False
24,0.006353037222288549,1.418251395225525,0.08151920573907591,0.6956281281973287,0.6044912235845754,0.29773005843162537,0.001,False,False
25,0.005295109492726624,1.4478667974472046,0.07503225704449841,0.6943284572629482,0.6038634877361484,0.30000096559524536,0.001,False,False
26,0.004781152913346886,1.472611904144287,0.06354540108421856,0.6939944992650797,0.6031300556934288,0.30102285742759705,0.001,False,False
27,0.004061637260019779,1.5043078660964966,0.05638091975418254,0.6948028052471821,0.6035947626435859,0.30321192741394043,0.001,False,False
28,0.003561881138011813,1.5281418561935425,0.049495916623316275,0.6951633522576198,0.6038035854289556,0.30222630500793457,0.001,False,False
29,0.0029947212198749183,1.5543997287750244,0.037166251992786184,0.6953367126195708,0.604143274968275,0.3051872253417969,0.001,False,False
30,0.002783025288954377,1.5722712278366089,0.04110945576547496,0.6954632763193999,0.6044490602025883,0.3045401871204376,0.001,False,False
31,0.0024726840085349975,1.5914627313613892,0.03548816104936415,0.6954388144278363,0.6045984582440438,0.30499276518821716,0.001,False,False
32,0.00226447272580117,1.6108872890472412,0.03371101263215108,0.6947889789606462,0.6043498508730868,0.30666181445121765,0.001,False,False
33,0.0021576013299636544,1.6295758485794067,0.030639586426197275,0.6946156185986951,0.6038452409597126,0.3068760931491852,0.001,False,False
34,0.0019388150074519217,1.6486655473709106,0.02877156287839063,0.6945113896694242,0.6041669532663417,0.3080925941467285,0.001,False,False
35,0.0018505575717426836,1.6662265062332153,0.028956395867864738,0.6941519062194891,0.603669044113307,0.3086954653263092,0.001,False,False
36,0.0016790998983196915,1.681451439857483,0.024854446353117645,0.695217593843261,0.6050712445185207,0.30926549434661865,0.001,False,False
37,0.0015242787078022957,1.697776436805725,0.02319696604969782,0.6949793562906413,0.6047500578270285,0.30986595153808594,0.001,False,False
38,0.0013696624955628067,1.7112268209457397,0.02022143450256921,0.6952463099768358,0.6052947113512307,0.3093262016773224,0.001,False,False
39,0.0013064936734735965,1.7258304357528687,0.019467987688684223,0.6951888777096862,0.6050935193847835,0.3102276921272278,0.001,False,False
40,0.0012272617255803197,1.7385958433151245,0.019544234096377743,0.6950516784048295,0.6047616634449037,0.3111560642719269,0.001,False,False
41,0.0011802850756794214,1.753537654876709,0.018623784710232193,0.694708148362436,0.6046377093868369,0.31132763624191284,0.001,False,False
42,0.0010711433773394675,1.768477201461792,0.01709277989910874,0.6944943727013799,0.60445434573065,0.3119598925113678,0.001,False,False
43,0.0010135651857126505,1.780747652053833,0.016459553987949994,0.6944241777081973,0.6043848932784393,0.31312108039855957,0.001,False,False
44,0.0009724737086798996,1.7904568910598755,0.01479739543918788,0.6946634788213197,0.6045134839905955,0.3124544322490692,0.001,False,False
45,0.0009427899203728884,1.8007616996765137,0.015482563653216583,0.6946624152608168,0.604067614010139,0.312809020280838,0.001,False,False
46,0.000889770919457078,1.8133455514907837,0.015536302997094197,0.6948506654698066,0.6049485680180757,0.3138501048088074,0.001,False,False
47,0.0008442191465292126,1.8243101835250854,0.013233356204093624,0.6950197715897464,0.604366496266523,0.313387006521225,0.001,False,False
48,0.0008004766947124154,1.83661949634552,0.012814802688326698,0.6950697589333765,0.6052353812303699,0.3138275146484375,0.001,False,False
49,0.0007586793683003635,1.8478940725326538,0.013169734701201094,0.6948995892529338,0.6051493945205988,0.3143344223499298,0.001,False,False
50,0.0007207882008515298,1.8577425479888916,0.011328977829845549,0.6948283306992484,0.6050027935302149,0.3142792582511902,0.001,False,False
51,0.0006905988266225904,1.8670839071273804,0.011477594485564981,0.694921924023492,0.6055972253130264,0.3147509694099426,0.001,False,False
52,0.0006494872155599296,1.8769272565841675,0.010387037522334334,0.6950016910611994,0.6058592294568421,0.31486597657203674,0.001,False,False
53,0.0006238817848498001,1.8857383728027344,0.010641921525871916,0.6951484624105811,0.6061130365721775,0.31507357954978943,0.001,False,False
54,0.0005840519268531352,1.8955360651016235,0.009798689127703987,0.6947740891136074,0.6056120475660574,0.3157351315021515,0.001,False,False
55,0.0005604224395938217,1.905104160308838,0.008548881090247071,0.6948698095588564,0.605676424486021,0.31588417291641235,0.001,False,False
56,0.0005454693251522258,1.9144856929779053,0.00886344560692014,0.6949708478066191,0.6059450544809059,0.31589674949645996,0.001,False,False
57,0.0005267197208013386,1.922206997871399,0.008499768585848088,0.695139953926559,0.6053010149691345,0.31609222292900085,0.001,False,False
58,0.0004860191373154521,1.9332858324050903,0.008069308538036682,0.6950218987107519,0.6055552636038412,0.3167184591293335,0.001,False,False
59,0.00046383158332901074,1.9411677122116089,0.007616638720867462,0.6949325596285196,0.6054720274402506,0.31676536798477173,0.001,False,False
60,0.00045193347323220224,1.9494878053665161,0.007754511944321199,0.6946996398784138,0.6044117478886037,0.3171309232711792,0.001,False,False
61,0.0004471732536330819,1.9570703506469727,0.0078623820512572,0.6948591739538288,0.6045787269054527,0.3173040449619293,0.001,False,False
62,0.0004422805301146582,1.9653878211975098,0.00843826872126239,0.6947751526741102,0.6046401344151495,0.3174241781234741,0.001,False,False
63,0.0004232205334119499,1.9751319885253906,0.006888118351864326,0.6946858135918779,0.6043699842742272,0.3180431127548218,0.001,False,False
64,0.0003981028072303161,1.9834040403366089,0.006975939953478717,0.6947092119229387,0.6047118129643352,0.318358451128006,0.001,False,False
65,0.0003955292922910303,1.9897352457046509,0.007191331147125312,0.6945315973189767,0.6044749335998627,0.31821131706237793,0.001,False,False
66,0.00035971468460047615,1.9991601705551147,0.006284443320211735,0.6943486649125009,0.6044437240881868,0.3187471926212311,0.001,False,False
67,0.0003516555312671699,2.0059516429901123,0.006113691855808527,0.6944635294467996,0.6047021075638311,0.3189360797405243,0.001,False,False
68,0.00034897202567663044,2.011654853820801,0.006074089140342938,0.694516707471938,0.6049707492785932,0.3190242350101471,0.001,False,False
69,0.00034301307750865816,2.0185914039611816,0.006118812160815714,0.6947677077505909,0.605201710035033,0.31899407505989075,0.001,False,False
70,0.00031510567787336187,2.025437355041504,0.005329236335762243,0.6947762162346129,0.6053000231437199,0.3191851079463959,0.001,False,False
71,0.0003173976074322127,2.0325000286102295,0.005612415788022464,0.6947996145656739,0.6051054671115454,0.31945592164993286,0.001,False,False
72,0.00032376743911299855,2.0393667221069336,0.006408859552966032,0.6947049576809277,0.6051093012564639,0.319388747215271,0.001,False,False
73,0.0003003234669449739,2.0480797290802,0.005231570447346254,0.6944741650518272,0.6053314253502291,0.3201000988483429,0.001,False,False
74,0.0002855107421055436,2.0535988807678223,0.005049138959540304,0.6944964998223854,0.605157254069933,0.3203238844871521,0.001,False,False
75,0.0002802212839014828,2.059269428253174,0.004586097392627782,0.6945709490575791,0.6051302680029463,0.32004857063293457,0.001,False,False
76,0.00026826393295777964,2.066749334335327,0.005080701379641716,0.6945762668600929,0.6050794052483717,0.32021093368530273,0.001,False,False
77,0.00026716824359027667,2.074247121810913,0.004747691586025019,0.6945603134525513,0.6052189274206565,0.32056623697280884,0.001,False,False
78,0.0002483877949998714,2.0809128284454346,0.0041775273851968045,0.6945773304205956,0.6055315614160067,0.32067781686782837,0.001,False,False
79,0.0002442259050440043,2.086724281311035,0.004585511372086814,0.6945762668600929,0.6054664354589958,0.3207797110080719,0.001,False,False
80,0.00024401563568972052,2.0922396183013916,0.004296057444963472,0.6944773557333357,0.6054196406424834,0.3208777606487274,0.001,False,False
81,0.0002349931455682963,2.0980608463287354,0.004406972877516161,0.6945645676945624,0.6057052672858676,0.32086390256881714,0.001,False,False
82,0.00022452859120676295,2.103766679763794,0.004034443155576119,0.6945986016306509,0.6057812397108129,0.3213712275028229,0.001,False,False
83,0.0002260161010781303,2.1102113723754883,0.004076234150985848,0.6945305337584738,0.605756168747965,0.32147133350372314,0.001,False,False
84,0.0002251821497338824,2.1153762340545654,0.004549195986985596,0.6945007540643964,0.6055614225810401,0.32152920961380005,0.001,False,False
85,0.00019969266722910106,2.120305299758911,0.003455316010196905,0.6943954615746225,0.6052304093666333,0.32138049602508545,0.001,False,False
86,0.00020594812667695805,2.1262083053588867,0.00362684422659765,0.6944550209627774,0.6054375770670464,0.32148101925849915,0.001,False,False
87,0.00022144928807392715,2.1327884197235107,0.004306931614702142,0.6945592498920486,0.6056223367473048,0.321987509727478,0.001,False,False
88,0.00019069593254243954,2.1368439197540283,0.003385950890990011,0.6943922708931144,0.6054152259610831,0.3219583034515381,0.001,False,False
89,0.0001911924802698195,2.1430575847625732,0.0034048030618849647,0.6943327115049593,0.606140839045415,0.32227805256843567,0.001,False,False
90,0.00018019417329924182,2.1496987342834473,0.003112205012097265,0.694321012339429,0.6059389521722216,0.32251298427581787,0.001,False,False
91,0.0001725106885714922,2.155442953109741,0.0031792780352089545,0.6943444106704899,0.6060069689604323,0.32257965207099915,0.001,False,False
92,0.00017859780637081714,2.1600966453552246,0.003383872050742416,0.6943029318108819,0.6059936957427262,0.3226417899131775,0.001,False,False
93,0.00017231384554179386,2.1653919219970703,0.0033402565028924367,0.6943561098360204,0.6058639552206925,0.32245850563049316,0.001,False,False
94,0.0001709797121293377,2.1717429161071777,0.0031541583529249933,0.6943795081670812,0.6061540063204327,0.3230084776878357,0.001,False,False
95,0.00016864704157342202,2.1762382984161377,0.0031486093490511327,0.6944720379308218,0.6061380824827123,0.3230303227901459,0.001,False,False
96,0.00015692887754994444,2.1808688640594482,0.0028397587719655244,0.6944497031602637,0.606073233175038,0.3230491280555725,0.001,False,False
97,0.00015492061284021473,2.1856822967529297,0.0028890746522051494,0.6944465124787554,0.6055095809430128,0.32300180196762085,0.001,False,False
98,0.0001583185192430392,2.1900994777679443,0.0031967544571989423,0.694507135427413,0.6055715277340257,0.3231208622455597,0.001,False,False
99,0.0001464290835428983,2.1943488121032715,0.002745336080358527,0.6944752286123301,0.6057399713225282,0.3233366310596466,0.001,False,False
100,0.00014100091939326376,2.199110984802246,0.002614507484030873,0.6944560845232803,0.6057550631664389,0.32332101464271545,0.001,False,False
101,0.00013836146754329093,2.2041897773742676,0.00244326186601531,0.6944975633828882,0.6057501849990261,0.3233131766319275,0.001,False,False
102,0.00014703654596814886,2.209223508834839,0.00293678640474671,0.6944869277778605,0.6059590301893669,0.3234767019748688,0.001,False,False
103,0.00013619214078062214,2.213310480117798,0.002611608529619609,0.6945262795164628,0.6059315278365426,0.3235408365726471,0.001,False,False
104,0.00013544898756663316,2.2166783809661865,0.00244063874431922,0.6947070848019331,0.6061856261911452,0.3233756721019745,0.001,False,False
105,0.00013148011348675936,2.2213542461395264,0.002236756671245488,0.6946411440507616,0.6061430781003128,0.32355260848999023,0.001,False,False
106,0.0001285478821955621,2.2263596057891846,0.002499459101139989,0.6945996651911537,0.6059878973289661,0.3237002491950989,0.001,False,False
107,0.00012414025477482937,2.231301784515381,0.002389817282515294,0.6946751779868501,0.6062095533191451,0.3239137828350067,0.001,False,False
108,0.00012638900516321884,2.2358856201171875,0.0026770276049092627,0.6947198475279663,0.606385102668391,0.3238714039325714,0.001,False,False
109,0.00012051763333147392,2.2403829097747803,0.002325412303567771,0.6945805211021039,0.6061857420725503,0.32388609647750854,0.001,False,False
110,0.00012355703875073233,2.2458558082580566,0.002553314360589132,0.6945773304205957,0.6065892968869318,0.32419389486312866,0.001,False,False
111,0.00011601782898651436,2.249307632446289,0.0021453557507254634,0.6946071101146731,0.6065783106282012,0.3242158591747284,0.001,False,False
112,0.00011264678396400995,2.253941059112549,0.0021510442542464264,0.6946422076112644,0.606193694318238,0.3243165910243988,0.001,False,False
113,0.00011233195909881033,2.2589502334594727,0.002227608421108629,0.6946188092802035,0.6051545678020479,0.32446610927581787,0.001,False,False
114,0.0001067273991793627,2.2652361392974854,0.002001873387494291,0.6945018176248992,0.6053802816201289,0.32483968138694763,0.001,False,False
115,0.00010669350012904033,2.268843650817871,0.0020704095779640343,0.6945135167904296,0.6059361096235398,0.32487258315086365,0.001,False,False
116,0.00010711092254496179,2.27168869972229,0.0021826687245186777,0.6945284066374683,0.6050450849843039,0.32487016916275024,0.001,False,False
117,0.00010243689102935604,2.2751052379608154,0.0019125339757185837,0.6945773304205957,0.6050509774616957,0.3246866464614868,0.001,False,False
118,0.00010073378798551858,2.2801427841186523,0.001993295516984606,0.6944911820198716,0.6048557756692183,0.32494214177131653,0.001,False,False
119,0.00011053500711568631,2.284687042236328,0.0021165535470230035,0.6944294955107111,0.6051595047927685,0.32508084177970886,0.001,False,False
120,9.861408470897004e-05,2.287804365158081,0.0019062982262352587,0.6944635294467996,0.605213527540641,0.3251020014286041,0.001,False,False
121,9.318540651293006e-05,2.2917237281799316,0.0017334979208152416,0.6944879913383633,0.6053008183406678,0.32509055733680725,0.001,False,False
122,8.965906727098627e-05,2.2965006828308105,0.0016774435934118076,0.6944316226317166,0.6051435463961305,0.3253771662712097,0.001,False,False
123,9.584038780303672e-05,2.300346612930298,0.0017930733504678564,0.6944922455803744,0.6053187737666753,0.32539623975753784,0.001,False,False
124,8.798244380159304e-05,2.304856061935425,0.0016509161943834918,0.6945039447459047,0.6049711553970711,0.3254019618034363,0.001,False,False
125,9.037794734467752e-05,2.308685064315796,0.001806672276679582,0.6945113896694242,0.6053174271622321,0.325482577085495,0.001,False,False
126,8.926494920160621e-05,2.312457323074341,0.0016792139454617754,0.6945507414080264,0.6057804873060373,0.3256710171699524,0.001,False,False
127,8.32845202239696e-05,2.315945625305176,0.0017164985156732221,0.694566694815568,0.6058645101516072,0.3256418704986572,0.001,False,False
128,9.064477744686883e-05,2.3200244903564453,0.0018885088788939178,0.6945762668600928,0.6059649135510728,0.32576823234558105,0.001,False,False
129,8.21734247438144e-05,2.322719097137451,0.0016485960415457696,0.6945039447459047,0.6058613646958968,0.325682669878006,0.001,False,False
130,8.025468050618657e-05,2.327263355255127,0.0015190643687670701,0.6944996905038936,0.6058032728408083,0.32588809728622437,0.001,False,False
131,8.106812165351585e-05,2.3312437534332275,0.0015754025933653042,0.6945369151214905,0.604677428977376,0.32597464323043823,0.001,False,False
132,7.878729811636732e-05,2.3342783451080322,0.0016190041577155037,0.6945156439114353,0.6046505998973692,0.3259408473968506,0.001,False,False
133,7.736987099633552e-05,2.338630437850952,0.0015791549372420812,0.69454436004501,0.6046915922675893,0.3260959982872009,0.001,False,False
134,7.467376854037866e-05,2.342463970184326,0.0014918414878566746,0.6945273430769655,0.6045787310297477,0.326166570186615,0.001,False,False
135,7.488328847102821e-05,2.34602952003479,0.0014966101908576693,0.6944837370963522,0.6048671713198269,0.3262653946876526,0.001,False,False
136,7.367773032456171e-05,2.3497023582458496,0.0014300232338631618,0.6944943727013799,0.6052847637855527,0.3264014422893524,0.001,False,False
137,7.23435339750722e-05,2.3542048931121826,0.0014340012362379921,0.6944592752047886,0.6052400654640394,0.3266245126724243,0.001,False,False
138,7.020764496701304e-05,2.3565688133239746,0.0014868758379534702,0.6946081736751758,0.6055445163246896,0.3264507055282593,0.001,False,False
139,6.938482729310636e-05,2.3595311641693115,0.001443357083863888,0.6945837117836122,0.6055717959127891,0.32643938064575195,0.001,False,False
140,6.909763906151056e-05,2.3638970851898193,0.0013764278790060309,0.6945475507265181,0.6056497069378542,0.3265911936759949,0.001,False,False
141,6.580533226951957e-05,2.3674235343933105,0.001284368133858717,0.6945507414080265,0.6054879208518111,0.32673215866088867,0.001,False,False
142,6.461056200350868e-05,2.3704535961151123,0.0012915416319453437,0.6946177457197007,0.6059566266870722,0.32673460245132446,0.001,False,False
143,6.513994303531944e-05,2.373798370361328,0.001309490466102875,0.69462519064322,0.6059324896753895,0.3267971873283386,0.001,False,False
144,6.447361665777862e-05,2.377817153930664,0.0012861746717482533,0.6945560592105402,0.6055663905929421,0.32693082094192505,0.001,False,False
145,6.305499882728328e-05,2.380924701690674,0.0012116286375558134,0.6945741397390873,0.6056246869931768,0.32691770792007446,0.001,False,False
146,6.430305402318481e-05,2.3845808506011963,0.0012965911825387308,0.6945198981534462,0.6055334503202517,0.3269972503185272,0.001,False,False
147,5.942769257671898e-05,2.3880302906036377,0.0011728862804614463,0.6946113643566841,0.6056753925056235,0.32701176404953003,0.001,False,False
148,5.947395438852254e-05,2.391170024871826,0.0011664561244185711,0.6945986016306509,0.6056847451233632,0.3270878493785858,0.001,False,False
149,5.869333726877812e-05,2.3939483165740967,0.0012659179685565256,0.6946315720062366,0.6057015335702256,0.327089786529541,0.001,False,False
150,5.94239270867547e-05,2.3975775241851807,0.0011750679493057268,0.6945624405735569,0.6045091794463576,0.3273683488368988,0.001,False,False
151,5.9177811999688855e-05,2.4009671211242676,0.001220473473537832,0.6945464871660153,0.6045925749430161,0.32733041048049927,0.001,False,False
152,5.885800674150232e-05,2.404294967651367,0.0012019778187203692,0.6945347880004851,0.6049894482713452,0.3273788094520569,0.001,False,False
153,5.6902524374891075e-05,2.4071242809295654,0.0012049222676457582,0.6945507414080264,0.605016309040609,0.32739824056625366,0.001,False,False
154,5.718328538932838e-05,2.4096217155456543,0.0011359151123471918,0.6945900931466289,0.6050590614756876,0.32734933495521545,0.001,False,False
155,5.4785932297818364e-05,2.4135804176330566,0.0011325124402869848,0.6944731014913246,0.6049371891427084,0.3275580108165741,0.001,False,False
156,5.876635405002162e-05,2.416081190109253,0.0012414831615992635,0.6945401058029989,0.6050409510324799,0.32756468653678894,0.001,False,False
157,5.502646090462804e-05,2.4192144870758057,0.001068216154594628,0.6944996905038936,0.604934173189176,0.3276299834251404,0.001,False,False
158,5.261104415694717e-05,2.4228315353393555,0.0010713140666232018,0.6944443853577499,0.6048117715076659,0.3277055323123932,0.001,False,False
159,5.2185058666509573e-05,2.4261131286621094,0.001044502367490816,0.6945081989879158,0.605072847311561,0.3277912735939026,0.001,False,False
160,4.9985249279416164e-05,2.4293758869171143,0.0010046172325806385,0.6944316226317166,0.6025068973172989,0.32787904143333435,0.001,False,False
161,4.9282871441391765e-05,2.432220935821533,0.001065044764919496,0.6944188599056834,0.602460163282063,0.3278692662715912,0.001,False,False
162,4.939959289913531e-05,2.4352219104766846,0.0010255540412743363,0.6944624658862969,0.6024866692934718,0.3278782367706299,0.001,False,False
163,4.9350555127603005e-05,2.4383771419525146,0.0009471745353450588,0.6944922455803743,0.6024626575803416,0.3279508352279663,0.001,False,False
164,4.8105294627021064e-05,2.4410130977630615,0.0009304598554678783,0.6944645930073025,0.6023843307683037,0.3279993236064911,0.001,False,False
165,4.745635487779509e-05,2.4442710876464844,0.000964645954725826,0.6944699108098162,0.6028894619071385,0.32808899879455566,0.001,False,False
166,5.0782198377419264e-05,2.4469425678253174,0.0010700024177524986,0.6944667201283079,0.6023969051458633,0.3280610740184784,0.001,False,False
167,4.836985499423463e-05,2.449704885482788,0.0009971881594303582,0.6945060718669103,0.6018433873561065,0.32815074920654297,0.001,False,False
168,4.559267363219987e-05,2.453205108642578,0.0009655766448974562,0.6944943727013798,0.6019375492477883,0.3282398283481598,0.001,False,False
169,4.514837928581983e-05,2.4558587074279785,0.0009340607781161243,0.6945230888349545,0.6020302724282934,0.3281726539134979,0.001,False,False
170,4.550264202407561e-05,2.4595065116882324,0.0009336920688723344,0.6944943727013798,0.6020248433677522,0.328387051820755,0.001,False,False
171,4.4929526484338564e-05,2.462157964706421,0.0009770321293526593,0.6945411693635015,0.6020265095064898,0.32839635014533997,0.001,False,False
172,4.400831603561528e-05,2.465266466140747,0.000902554642305714,0.6945220252744518,0.6020338182307527,0.32846957445144653,0.001,False,False
173,4.1626983693277e-05,2.4685113430023193,0.0008269331437247476,0.6946092372356787,0.6019712979771921,0.3284556567668915,0.001,False,False
174,4.200082621537149e-05,2.471336603164673,0.0009058146375292836,0.6945635041340597,0.6018922196757651,0.32854989171028137,0.001,False,False
175,4.258101835148409e-05,2.4739794731140137,0.0009869607937970312,0.6945496778475237,0.6019231057163322,0.32851162552833557,0.001,False,False
176,4.218543035676703e-05,2.4778358936309814,0.0008735410886681692,0.6945028811854019,0.6009577675551745,0.3288237154483795,0.001,False,False
177,4.111425514565781e-05,2.479861259460449,0.0008297295849840028,0.6945571227710431,0.600958934896303,0.3287554085254669,0.001,False,False
178,4.063866163050989e-05,2.48294997215271,0.0008089741289443381,0.6945198981534462,0.600972816106697,0.32879260182380676,0.001,False,False
179,3.871337994496571e-05,2.4865529537200928,0.0008502791741016388,0.6944943727013799,0.6012016479984879,0.32888472080230713,0.001,False,False
180,3.8135028626129495e-05,2.489130973815918,0.000766330380312871,0.694439067555236,0.6011996364205522,0.3289949595928192,0.001,False,False
181,3.757276135729626e-05,2.4915616512298584,0.0007558521261876259,0.6944954362618827,0.6012054488062119,0.32902461290359497,0.001,False,False
182,4.228965026413789e-05,2.494149923324585,0.0008937913848593519,0.6944911820198716,0.6012202134774791,0.3289397954940796,0.001,False,False
183,3.8750552994315514e-05,2.496776580810547,0.0008606323953424223,0.6945188345929434,0.6013468648151975,0.328917920589447,0.001,False,False
184,3.681899524963228e-05,2.499877691268921,0.0007865612063700895,0.6945294701979711,0.6014287005305224,0.3290897607803345,0.001,False,False
185,3.804321404459188e-05,2.5030224323272705,0.0007875843880993213,0.694548614287021,0.6014749272768602,0.3291930854320526,0.001,False,False
186,3.649931422842201e-05,2.505657434463501,0.0007514565903326486,0.6945635041340598,0.6016445690966227,0.32918399572372437,0.001,False,False
187,3.574300717446022e-05,2.508347272872925,0.0007925342735200004,0.6946081736751759,0.6014816364283436,0.3291713297367096,0.001,False,False
188,3.629178736446193e-05,2.5114541053771973,0.0007232114461905189,0.6946092372356787,0.6012676487163262,0.329289972782135,0.001,False,False
189,3.4085908009728885e-05,2.514101505279541,0.0006762275076805095,0.6945837117836122,0.6013522053221607,0.3293754756450653,0.001,False,False
190,3.5203079642087685e-05,2.5167665481567383,0.0007059843982572211,0.6945879660256233,0.6017108869225671,0.3293928802013397,0.001,False,False
191,3.468607264949242e-05,2.5192606449127197,0.0007570391809661835,0.6946071101146731,0.6017963056197362,0.32940182089805603,0.001,False,False
192,3.282592369941994e-05,2.5213093757629395,0.0006645272248249542,0.6946188092802036,0.6018642282009037,0.32938745617866516,0.001,False,False
193,3.357831374160014e-05,2.524472951889038,0.0007012236271045164,0.6945805211021039,0.6018863966123719,0.3295147716999054,0.001,False,False
194,3.300100906926673e-05,2.527211904525757,0.000640758556969538,0.6944996905038938,0.6017264817447969,0.3295314311981201,0.001,False,False
195,3.2051076777861455e-05,2.5297369956970215,0.0006815998705146822,0.694566694815568,0.6018871859189674,0.32956910133361816,0.001,False,False
196,3.172661017742939e-05,2.5324771404266357,0.0006596494596573362,0.6945081989879158,0.6018744860301464,0.32968130707740784,0.001,False,False
197,3.2568561437074095e-05,2.5352375507354736,0.0006649435079249036,0.6944635294467996,0.6021198671731742,0.32974761724472046,0.001,False,False
198,3.098979505011812e-05,2.5375986099243164,0.0006109519947606591,0.6945337244399822,0.6022440006896619,0.3297633230686188,0.001,False,False
199,3.186849353369326e-05,2.5404412746429443,0.0006878171418580215,0.6944869277778605,0.6021387189949023,0.3298296332359314,0.001,False,False
200,3.0468111435766333e-05,2.543149948120117,0.0006215821427950681,0.6945050083064076,0.602281111003034,0.32990753650665283,0.001,False,False
201,3.276660136179999e-05,2.545433759689331,0.0007138497087954282,0.6945581863315458,0.6025137935776846,0.3299451470375061,0.001,False,False
202,2.992688914673636e-05,2.5475096702575684,0.0006190670378686363,0.694507135427413,0.6014276490657422,0.3298819363117218,0.001,False,False
203,2.9514398011087906e-05,2.5505900382995605,0.0006465760023622423,0.6944794828543411,0.60160581959695,0.32998335361480713,0.001,False,False
204,2.956358111987356e-05,2.5532820224761963,0.0006624642166718585,0.6944656565678051,0.6013142159691192,0.3301045894622803,0.001,False,False
205,3.055957658943953e-05,2.5560507774353027,0.0006530105810085926,0.6944762921728328,0.6015698637878856,0.33007922768592834,0.001,False,False
206,2.8807119088014586e-05,2.559511423110962,0.0006724835594849052,0.6944603387652913,0.6016952631917292,0.3302486538887024,0.001,False,False
207,2.765852477750741e-05,2.5619943141937256,0.000588556511372574,0.6944401311157388,0.6016023931283355,0.3303212523460388,0.001,False,False
208,2.8528768962132744e-05,2.5644142627716064,0.0006274427864873016,0.6945135167904296,0.6017113369251861,0.3302976191043854,0.001,False,False
209,2.86326665445813e-05,2.567021131515503,0.0005818006907216088,0.6945081989879158,0.6017152932772838,0.3303207755088806,0.001,False,False
210,2.863312402041629e-05,2.569620370864868,0.0006235226588879935,0.6944092878611586,0.600757995830858,0.3304187059402466,0.001,False,False
211,2.6964082462654914e-05,2.571442127227783,0.0005636886437692042,0.6944741650518271,0.6009624059048051,0.33037450909614563,0.001,False,False
212,2.703165610000724e-05,2.574265241622925,0.0005825872515401013,0.6944762921728329,0.6008756154773961,0.33040425181388855,0.001,False,False
213,2.609109506011009e-05,2.5771143436431885,0.0005929614448195165,0.6945092625484186,0.6011134206498254,0.33048462867736816,0.001,False,False
214,2.758142290986143e-05,2.5795648097991943,0.0006198711053097869,0.6945549956500375,0.6012027963246872,0.3305288553237915,0.001,False,False
215,2.48778151217266e-05,2.581946849822998,0.0005070528688757212,0.694516707471938,0.6011694830421718,0.3305888772010803,0.001,False,False
216,2.606776324682869e-05,2.5847136974334717,0.0005189531426845873,0.6945305337584737,0.6016817541094173,0.3306625783443451,0.001,False,False
217,2.5524376360408497e-05,2.586963176727295,0.0005319376260403306,0.6945379786819933,0.6016815162667477,0.3306424915790558,0.001,False,False
218,2.4597182709840125e-05,2.5891685485839844,0.0005505055512103367,0.6945613770130542,0.6017638699299538,0.33060190081596375,0.001,False,False
219,2.44327655309462e-05,2.592160224914551,0.0005114841477775525,0.6944986269433909,0.6010452373671225,0.330751895904541,0.001,False,False
220,2.4434343686152715e-05,2.594592809677124,0.000549617573329067,0.6945390422424961,0.6014870792588207,0.3307628929615021,0.001,False,False
221,2.4090147962851916e-05,2.596837282180786,0.0005065062754423212,0.6945496778475237,0.6014065908853012,0.33078092336654663,0.001,False,False
222,2.3551335289084818e-05,2.5994746685028076,0.0005157974742876422,0.6945177710324408,0.6015100395611784,0.33084240555763245,0.001,False,False
223,2.3197533755592305e-05,2.6016485691070557,0.0005186093190601322,0.6945688219365735,0.6015587563888302,0.33088818192481995,0.001,False,False
224,2.2922932203073287e-05,2.6041646003723145,0.00048657590905651636,0.694534788000485,0.6012429413251525,0.33097216486930847,0.001,False,False
225,2.2736363825970328e-05,2.6064202785491943,0.0005024001611013027,0.694562440573557,0.601315105528634,0.3309594392776489,0.001,False,False
226,2.3342884196608794e-05,2.6083364486694336,0.0005355891526320916,0.6945677583760708,0.6012359230880508,0.33092162013053894,0.001,False,False
227,2.3308422169066034e-05,2.610947847366333,0.0005245047481370304,0.6945677583760708,0.6012987367433882,0.3309950530529022,0.001,False,False
228,2.250997786177322e-05,2.613469123840332,0.0004602109914359426,0.6944911820198716,0.6013798094237179,0.33110448718070984,0.001,False,False
229,2.2854281723994063e-05,2.615682601928711,0.0004959569313946933,0.6945315973189767,0.6014343308775268,0.33112001419067383,0.001,False,False
230,2.164865663871751e-05,2.6179800033569336,0.0004716433934835752,0.6945379786819932,0.6014184449580032,0.3311978578567505,0.001,False,False
231,2.1603125969704706e-05,2.620490312576294,0.0004669977295926594,0.6945911567071316,0.6014057172534504,0.33117642998695374,0.001,False,False
232,2.1006867336836875e-05,2.6227362155914307,0.000449112547583112,0.6945911567071316,0.6016407883488516,0.3312341570854187,0.001,False,False
233,2.159282739739865e-05,2.624814748764038,0.000498653286491517,0.6946145550381924,0.6017686711534609,0.33124417066574097,0.001,False,False
234,2.0945378673786762e-05,2.627326011657715,0.0004370291325299008,0.6945698854970763,0.6016397457075466,0.3312232196331024,0.001,False,False
235,2.107575928675942e-05,2.629504442214966,0.000496207728622517,0.6945783939810983,0.601646314791471,0.3312544524669647,0.001,False,False
236,2.029866182056139e-05,2.632312297821045,0.0004459806661437837,0.6945337244399823,0.6015613242026975,0.33141759037971497,0.001,False,False
237,2.0919458620483056e-05,2.6343917846679688,0.00043458280790644696,0.694539042242496,0.60161216436516,0.3314267098903656,0.001,False,False
238,2.0469000992306975e-05,2.6363604068756104,0.0004372883507193557,0.6945560592105402,0.6015899591213483,0.3314608633518219,0.001,False,False
239,2.0132362260483204e-05,2.639047384262085,0.0004359723435971544,0.6945294701979712,0.6016579942906595,0.3314959704875946,0.001,False,False
240,2.064496884486289e-05,2.641385555267334,0.00046199327226142744,0.6945645676945623,0.6017096342693027,0.33150139451026917,0.001,False,False
241,1.9536863510438708e-05,2.643996000289917,0.00043812409324438484,0.6945284066374684,0.6017549737772061,0.3316209018230438,0.001,False,False
242,2.048321985057555e-05,2.646271228790283,0.0004620387838272581,0.6944933091408771,0.6017252865655088,0.33163848519325256,0.001,False,False
243,1.9769068512687226e-05,2.648325204849243,0.0004589438084042816,0.6944677836888108,0.6017072139939383,0.3316643238067627,0.001,False,False
244,1.8914333941211227e-05,2.6504266262054443,0.00041636404301270225,0.6944486395997609,0.6014707757189474,0.3317151367664337,0.001,False,False
245,1.8777256809698883e-05,2.6528122425079346,0.00041385482847886907,0.6944252412687,0.6014789983260764,0.3317815959453583,0.001,False,False
246,1.8339570124226158e-05,2.655456781387329,0.00038788213497109765,0.6944645930073023,0.6019260861588371,0.3318386375904083,0.001,False,False
247,1.8680036009754986e-05,2.657261371612549,0.0004028939930344473,0.6945103261089214,0.6020404045464579,0.3318420350551605,0.001,False,False
248,1.8395704137219583e-05,2.6600518226623535,0.0004064799950097525,0.6944677836888107,0.6019220433111505,0.3319454491138458,0.001,False,False
249,1.856693879744853e-05,2.661963939666748,0.00038891109490470435,0.6945039447459047,0.6022771587998661,0.33197569847106934,0.001,False,False
250,1.741765790939098e-05,2.6643600463867188,0.0003786304179776203,0.6944645930073025,0.6025087489982568,0.3320104479789734,0.001,False,False
